id,时间戳,地点,温度,ph,PM2.5,备注,录入设备名称
1,2025-06-15 06:15:00,郑州金水,31.1,7.1,66,相关可能导致当前读数偏高。,EnvSensor-A1
2,2025-06-15 06:30:00,长沙雨花,23.6,6.9,31,检测连续稳定，无明显相关迹象。,EnvSensor-C3
3,2025-06-15 06:45:00,上海浦东,23.3,7.4,54,周围环境相关，采样值可信。,EnvSensor-A1
4,2025-06-15 07:00:00,北京海淀,23.1,7.1,76,监测点靠近相关区域，可能存在施工风险。,EnvSensor-C3
5,2025-06-15 07:15:00,合肥庐阳,25.7,6.8,74,当前时段为相关，需关注PM变化。,EnvSensor-B2
6,2025-06-15 07:30:00,苏州吴中,29.0,7.1,57,检测连续稳定，无明显相关迹象。,EnvSensor-A1
7,2025-06-15 07:45:00,宁波鄞州,26.3,7.0,50,检测连续稳定，无明显相关迹象。,EnvSensor-A1
8,2025-06-15 08:00:00,合肥庐阳,25.0,7.0,36,传感器工作正常，相关概率低。,EnvSensor-B2
9,2025-06-15 08:15:00,北京海淀,21.8,7.5,46,传感器工作正常，相关概率低。,EnvSensor-A1
10,2025-06-15 08:30:00,西安碑林,28.3,6.8,68,相关可能导致当前读数偏高。,EnvSensor-A1
11,2025-06-15 08:45:00,合肥庐阳,27.2,7.1,39,当前时段为相关，需关注PM变化。,EnvSensor-C3
12,2025-06-15 09:00:00,长沙雨花,30.7,7.2,80,传感器工作正常，相关概率低。,EnvSensor-B2
13,2025-06-15 09:15:00,上海浦东,24.8,7.0,66,周围环境相关，采样值可信。,EnvSensor-C3
14,2025-06-15 09:30:00,天津南开,28.3,6.8,67,检测连续稳定，无明显相关迹象。,EnvSensor-B2
15,2025-06-15 09:45:00,西安碑林,30.8,7.0,67,周围环境相关，采样值可信。,EnvSensor-B2
16,2025-06-15 10:00:00,杭州滨江,21.0,7.1,38,监测点靠近相关区域，可能存在设备维护风险。,EnvSensor-A1
17,2025-06-15 10:15:00,苏州吴中,24.0,7.0,42,传感器工作正常，相关概率低。,EnvSensor-C3
18,2025-06-15 10:30:00,武汉武昌,21.4,6.7,52,监测点靠近相关区域，可能存在工业污染风险。,EnvSensor-B2
19,2025-06-15 10:45:00,哈尔滨道里,30.3,6.8,33,数据波动明显，疑似相关影响。,EnvSensor-B2
20,2025-06-15 11:00:00,成都高新,22.8,6.9,56,检测连续稳定，无明显相关迹象。,EnvSensor-A1
21,2025-06-15 11:15:00,无锡滨湖,27.1,6.8,70,相关可能导致当前读数偏高。,EnvSensor-B2
22,2025-06-15 11:30:00,郑州金水,26.8,7.0,76,相关可能导致当前读数偏高。,EnvSensor-B2
23,2025-06-15 11:45:00,青岛市南,30.7,7.2,60,周围环境相关，采样值可信。,EnvSensor-B2
24,2025-06-15 12:00:00,哈尔滨道里,29.9,6.7,68,传感器工作正常，相关概率低。,EnvSensor-B2
25,2025-06-15 12:15:00,深圳南山,23.1,7.0,36,传感器工作正常，相关概率低。,EnvSensor-A1
26,2025-06-15 12:30:00,杭州滨江,22.2,6.8,60,传感器工作正常，相关概率低。,EnvSensor-B2
27,2025-06-15 12:45:00,北京海淀,27.4,7.0,79,数据波动明显，疑似相关影响。,EnvSensor-A1
28,2025-06-15 13:00:00,杭州滨江,31.5,7.4,76,监测点靠近相关区域，可能存在交通高峰风险。,EnvSensor-C3
29,2025-06-15 13:15:00,西安碑林,30.8,7.4,54,相关可能导致当前读数偏高。,EnvSensor-B2
30,2025-06-15 13:30:00,合肥庐阳,26.4,7.3,65,传感器工作正常，相关概率低。,EnvSensor-B2
31,2025-06-15 13:45:00,武汉武昌,24.9,7.3,42,检测连续稳定，无明显相关迹象。,EnvSensor-B2
32,2025-06-15 14:00:00,西安碑林,26.8,7.5,40,数据波动明显，疑似相关影响。,EnvSensor-B2
33,2025-06-15 14:15:00,广州天河,27.6,7.5,71,检测连续稳定，无明显相关迹象。,EnvSensor-C3
34,2025-06-15 14:30:00,西安碑林,20.4,7.2,62,当前时段为相关，需关注PM变化。,EnvSensor-A1
35,2025-06-15 14:45:00,杭州滨江,27.1,6.9,61,检测连续稳定，无明显相关迹象。,EnvSensor-C3
36,2025-06-15 15:00:00,武汉武昌,23.0,7.5,79,传感器工作正常，相关概率低。,EnvSensor-A1
37,2025-06-15 15:15:00,天津南开,21.1,7.3,48,数据波动明显，疑似相关影响。,EnvSensor-C3
38,2025-06-15 15:30:00,北京海淀,26.5,7.1,48,监测点靠近相关区域，可能存在交通高峰风险。,EnvSensor-A1
39,2025-06-15 15:45:00,西安碑林,21.9,7.1,34,检测连续稳定，无明显相关迹象。,EnvSensor-A1
40,2025-06-15 16:00:00,武汉武昌,31.5,7.4,65,数据波动明显，疑似相关影响。,EnvSensor-C3
41,2025-06-15 16:15:00,广州天河,26.9,6.7,50,检测连续稳定，无明显相关迹象。,EnvSensor-A1
42,2025-06-15 16:30:00,北京海淀,25.0,6.8,73,周围环境相关，采样值可信。,EnvSensor-C3
43,2025-06-15 16:45:00,无锡滨湖,28.7,7.4,71,相关可能导致当前读数偏高。,EnvSensor-C3
44,2025-06-15 17:00:00,天津南开,28.6,6.8,69,监测点靠近相关区域，可能存在数据缺失风险。,EnvSensor-A1
45,2025-06-15 17:15:00,长沙雨花,26.5,6.9,75,周围环境相关，采样值可信。,EnvSensor-A1
46,2025-06-15 17:30:00,北京海淀,25.3,7.1,80,传感器工作正常，相关概率低。,EnvSensor-A1
47,2025-06-15 17:45:00,宁波鄞州,29.8,6.9,54,相关可能导致当前读数偏高。,EnvSensor-C3
48,2025-06-15 18:00:00,哈尔滨道里,22.6,6.8,66,周围环境相关，采样值可信。,EnvSensor-B2
49,2025-06-15 18:15:00,广州天河,30.7,7.2,42,周围环境相关，采样值可信。,EnvSensor-B2
50,2025-06-15 18:30:00,上海浦东,22.3,7.2,41,传感器工作正常，相关概率低。,EnvSensor-A1
51,2025-06-15 18:45:00,上海浦东,29.5,7.1,76,周围环境相关，采样值可信。,EnvSensor-B2
52,2025-06-15 19:00:00,南京鼓楼,31.5,7.3,40,周围环境相关，采样值可信。,EnvSensor-A1
53,2025-06-15 19:15:00,杭州滨江,30.5,7.1,63,相关可能导致当前读数偏高。,EnvSensor-A1
54,2025-06-15 19:30:00,西安碑林,26.6,7.0,36,周围环境相关，采样值可信。,EnvSensor-A1
55,2025-06-15 19:45:00,北京海淀,22.0,7.5,47,监测点靠近相关区域，可能存在施工风险。,EnvSensor-C3
56,2025-06-15 20:00:00,广州天河,22.0,7.1,32,监测点靠近相关区域，可能存在交通高峰风险。,EnvSensor-C3
57,2025-06-15 20:15:00,重庆渝中,23.8,6.9,80,周围环境相关，采样值可信。,EnvSensor-A1
58,2025-06-15 20:30:00,天津南开,24.5,6.8,58,相关可能导致当前读数偏高。,EnvSensor-B2
59,2025-06-15 20:45:00,长沙雨花,24.4,6.9,62,传感器工作正常，相关概率低。,EnvSensor-C3
60,2025-06-15 21:00:00,青岛市南,27.7,7.3,60,检测连续稳定，无明显相关迹象。,EnvSensor-C3
61,2025-06-15 21:15:00,哈尔滨道里,28.4,7.2,69,数据波动明显，疑似相关影响。,EnvSensor-C3
62,2025-06-15 21:30:00,成都高新,26.5,7.3,71,检测连续稳定，无明显相关迹象。,EnvSensor-A1
63,2025-06-15 21:45:00,长沙雨花,22.5,6.9,33,周围环境相关，采样值可信。,EnvSensor-B2
64,2025-06-15 22:00:00,深圳南山,27.1,6.8,75,周围环境相关，采样值可信。,EnvSensor-B2
65,2025-06-15 22:15:00,南京鼓楼,22.4,7.2,58,监测点靠近相关区域，可能存在工业污染风险。,EnvSensor-B2
66,2025-06-15 22:30:00,苏州吴中,26.4,7.3,80,数据波动明显，疑似相关影响。,EnvSensor-C3
67,2025-06-15 22:45:00,武汉武昌,29.8,6.8,30,周围环境相关，采样值可信。,EnvSensor-A1
68,2025-06-15 23:00:00,哈尔滨道里,28.6,6.9,40,监测点靠近相关区域，可能存在异常值风险。,EnvSensor-A1
69,2025-06-15 23:15:00,北京海淀,30.9,6.8,77,数据波动明显，疑似相关影响。,EnvSensor-C3
70,2025-06-15 23:30:00,西安碑林,28.9,7.1,53,相关可能导致当前读数偏高。,EnvSensor-C3
71,2025-06-15 23:45:00,成都高新,26.9,7.0,52,监测点靠近相关区域，可能存在设备维护风险。,EnvSensor-A1
72,2025-06-16 00:00:00,广州天河,28.3,7.2,68,数据波动明显，疑似相关影响。,EnvSensor-B2
73,2025-06-16 00:15:00,无锡滨湖,29.6,7.3,77,相关可能导致当前读数偏高。,EnvSensor-C3
74,2025-06-16 00:30:00,西安碑林,26.3,7.2,73,周围环境相关，采样值可信。,EnvSensor-B2
75,2025-06-16 00:45:00,深圳南山,29.7,6.9,69,监测点靠近相关区域，可能存在交通高峰风险。,EnvSensor-C3
76,2025-06-16 01:00:00,济南历下,24.9,6.7,76,传感器工作正常，相关概率低。,EnvSensor-A1
77,2025-06-16 01:15:00,成都高新,26.8,7.1,79,监测点靠近相关区域，可能存在突变风险。,EnvSensor-B2
78,2025-06-16 01:30:00,无锡滨湖,28.3,7.1,44,检测连续稳定，无明显相关迹象。,EnvSensor-A1
79,2025-06-16 01:45:00,哈尔滨道里,22.3,6.7,54,当前时段为相关，需关注PM变化。,EnvSensor-C3
80,2025-06-16 02:00:00,宁波鄞州,25.0,7.3,72,监测点靠近相关区域，可能存在绿化带风险。,EnvSensor-C3
81,2025-06-16 02:15:00,上海浦东,26.6,7.4,56,数据波动明显，疑似相关影响。,EnvSensor-C3
82,2025-06-16 02:30:00,青岛市南,26.3,7.0,47,相关可能导致当前读数偏高。,EnvSensor-A1
83,2025-06-16 02:45:00,济南历下,30.8,6.9,30,检测连续稳定，无明显相关迹象。,EnvSensor-C3
84,2025-06-16 03:00:00,深圳南山,24.6,7.2,40,周围环境相关，采样值可信。,EnvSensor-A1
85,2025-06-16 03:15:00,上海浦东,21.0,7.1,79,周围环境相关，采样值可信。,EnvSensor-C3
86,2025-06-16 03:30:00,合肥庐阳,23.8,6.8,62,监测点靠近相关区域，可能存在数据缺失风险。,EnvSensor-A1
87,2025-06-16 03:45:00,苏州吴中,22.5,7.3,63,相关可能导致当前读数偏高。,EnvSensor-B2
88,2025-06-16 04:00:00,宁波鄞州,22.0,6.8,33,检测连续稳定，无明显相关迹象。,EnvSensor-C3
89,2025-06-16 04:15:00,天津南开,20.5,7.4,39,传感器工作正常，相关概率低。,EnvSensor-C3
90,2025-06-16 04:30:00,济南历下,22.1,7.5,47,周围环境相关，采样值可信。,EnvSensor-B2
91,2025-06-16 04:45:00,上海浦东,26.6,6.9,44,监测点靠近相关区域，可能存在突变风险。,EnvSensor-C3
92,2025-06-16 05:00:00,广州天河,28.4,7.3,40,检测连续稳定，无明显相关迹象。,EnvSensor-C3
93,2025-06-16 05:15:00,哈尔滨道里,31.1,7.2,57,检测连续稳定，无明显相关迹象。,EnvSensor-C3
94,2025-06-16 05:30:00,济南历下,23.7,7.4,48,传感器工作正常，相关概率低。,EnvSensor-B2
95,2025-06-16 05:45:00,深圳南山,26.8,7.1,55,监测点靠近相关区域，可能存在施工风险。,EnvSensor-B2
96,2025-06-16 06:00:00,成都高新,29.5,7.3,76,数据波动明显，疑似相关影响。,EnvSensor-A1
97,2025-06-16 06:15:00,苏州吴中,22.9,7.2,77,传感器工作正常，相关概率低。,EnvSensor-A1
98,2025-06-16 06:30:00,杭州滨江,22.5,6.9,78,数据波动明显，疑似相关影响。,EnvSensor-A1
99,2025-06-16 06:45:00,天津南开,27.3,7.0,79,监测点靠近相关区域，可能存在信号干扰风险。,EnvSensor-B2
100,2025-06-16 07:00:00,武汉武昌,25.2,7.2,74,检测连续稳定，无明显相关迹象。,EnvSensor-C3
101,2025-06-16 07:15:00,成都高新,29.8,6.9,50,数据波动明显，疑似相关影响。,EnvSensor-C3
102,2025-06-16 07:30:00,无锡滨湖,26.8,6.9,32,检测连续稳定，无明显相关迹象。,EnvSensor-A1
103,2025-06-16 07:45:00,上海浦东,31.7,6.7,62,检测连续稳定，无明显相关迹象。,EnvSensor-B2
104,2025-06-16 08:00:00,合肥庐阳,26.1,7.4,53,相关可能导致当前读数偏高。,EnvSensor-B2
105,2025-06-16 08:15:00,北京海淀,22.8,7.5,62,传感器工作正常，相关概率低。,EnvSensor-C3
106,2025-06-16 08:30:00,深圳南山,29.9,7.3,55,数据波动明显，疑似相关影响。,EnvSensor-B2
107,2025-06-16 08:45:00,合肥庐阳,25.6,7.1,34,当前时段为相关，需关注PM变化。,EnvSensor-B2
108,2025-06-16 09:00:00,广州天河,23.1,7.3,53,周围环境相关，采样值可信。,EnvSensor-A1
109,2025-06-16 09:15:00,重庆渝中,22.9,7.2,42,检测连续稳定，无明显相关迹象。,EnvSensor-B2
110,2025-06-16 09:30:00,宁波鄞州,30.0,6.7,71,监测点靠近相关区域，可能存在工业污染风险。,EnvSensor-B2
111,2025-06-16 09:45:00,上海浦东,28.0,6.8,63,传感器工作正常，相关概率低。,EnvSensor-C3
112,2025-06-16 10:00:00,哈尔滨道里,24.8,6.7,76,周围环境相关，采样值可信。,EnvSensor-B2
113,2025-06-16 10:15:00,广州天河,27.1,7.1,42,传感器工作正常，相关概率低。,EnvSensor-B2
114,2025-06-16 10:30:00,广州天河,27.9,6.9,69,相关可能导致当前读数偏高。,EnvSensor-B2
115,2025-06-16 10:45:00,杭州滨江,26.7,7.4,73,周围环境相关，采样值可信。,EnvSensor-C3
116,2025-06-16 11:00:00,成都高新,30.6,7.1,70,周围环境相关，采样值可信。,EnvSensor-A1
117,2025-06-16 11:15:00,南京鼓楼,23.0,6.9,38,传感器工作正常，相关概率低。,EnvSensor-C3
118,2025-06-16 11:30:00,青岛市南,27.4,6.8,45,当前时段为相关，需关注PM变化。,EnvSensor-A1
119,2025-06-16 11:45:00,合肥庐阳,31.2,7.0,43,当前时段为相关，需关注PM变化。,EnvSensor-B2
120,2025-06-16 12:00:00,南京鼓楼,22.5,7.0,76,检测连续稳定，无明显相关迹象。,EnvSensor-A1
121,2025-06-16 12:15:00,合肥庐阳,27.5,7.4,41,周围环境相关，采样值可信。,EnvSensor-A1
122,2025-06-16 12:30:00,长沙雨花,22.2,7.2,45,检测连续稳定，无明显相关迹象。,EnvSensor-B2
123,2025-06-16 12:45:00,合肥庐阳,27.9,6.8,67,相关可能导致当前读数偏高。,EnvSensor-B2
124,2025-06-16 13:00:00,重庆渝中,22.7,7.1,53,数据波动明显，疑似相关影响。,EnvSensor-B2
125,2025-06-16 13:15:00,济南历下,22.3,7.3,46,传感器工作正常，相关概率低。,EnvSensor-B2
126,2025-06-16 13:30:00,哈尔滨道里,26.1,7.3,67,当前时段为相关，需关注PM变化。,EnvSensor-C3
127,2025-06-16 13:45:00,广州天河,30.0,6.7,78,监测点靠近相关区域，可能存在施工风险。,EnvSensor-C3
128,2025-06-16 14:00:00,济南历下,23.6,7.2,39,传感器工作正常，相关概率低。,EnvSensor-A1
129,2025-06-16 14:15:00,重庆渝中,24.1,7.1,57,检测连续稳定，无明显相关迹象。,EnvSensor-C3
130,2025-06-16 14:30:00,宁波鄞州,26.6,7.1,58,当前时段为相关，需关注PM变化。,EnvSensor-B2
131,2025-06-16 14:45:00,长沙雨花,28.8,7.1,76,周围环境相关，采样值可信。,EnvSensor-A1
132,2025-06-16 15:00:00,深圳南山,20.9,6.9,33,监测点靠近相关区域，可能存在交通高峰风险。,EnvSensor-C3
133,2025-06-16 15:15:00,天津南开,25.0,7.1,40,当前时段为相关，需关注PM变化。,EnvSensor-A1
134,2025-06-16 15:30:00,苏州吴中,29.2,7.4,71,监测点靠近相关区域，可能存在传感器漂移风险。,EnvSensor-B2
135,2025-06-16 15:45:00,武汉武昌,26.9,7.3,45,周围环境相关，采样值可信。,EnvSensor-A1
136,2025-06-16 16:00:00,宁波鄞州,30.3,7.4,39,相关可能导致当前读数偏高。,EnvSensor-B2
137,2025-06-16 16:15:00,上海浦东,30.6,6.9,52,监测点靠近相关区域，可能存在交通高峰风险。,EnvSensor-C3
138,2025-06-16 16:30:00,济南历下,20.9,7.1,79,数据波动明显，疑似相关影响。,EnvSensor-C3
139,2025-06-16 16:45:00,济南历下,21.9,7.4,42,监测点靠近相关区域，可能存在绿化带风险。,EnvSensor-A1
140,2025-06-16 17:00:00,苏州吴中,31.1,6.9,61,相关可能导致当前读数偏高。,EnvSensor-B2
141,2025-06-16 17:15:00,杭州滨江,30.0,7.2,70,周围环境相关，采样值可信。,EnvSensor-B2
142,2025-06-16 17:30:00,无锡滨湖,23.8,7.3,30,传感器工作正常，相关概率低。,EnvSensor-A1
143,2025-06-16 17:45:00,无锡滨湖,20.6,7.4,62,传感器工作正常，相关概率低。,EnvSensor-B2
144,2025-06-16 18:00:00,宁波鄞州,23.7,7.1,39,监测点靠近相关区域，可能存在数据缺失风险。,EnvSensor-C3
145,2025-06-16 18:15:00,合肥庐阳,24.2,7.1,31,数据波动明显，疑似相关影响。,EnvSensor-C3
146,2025-06-16 18:30:00,广州天河,25.7,6.8,46,周围环境相关，采样值可信。,EnvSensor-A1
147,2025-06-16 18:45:00,青岛市南,27.7,7.3,64,数据波动明显，疑似相关影响。,EnvSensor-B2
148,2025-06-16 19:00:00,上海浦东,20.6,7.1,39,当前时段为相关，需关注PM变化。,EnvSensor-A1
149,2025-06-16 19:15:00,西安碑林,25.0,7.4,39,检测连续稳定，无明显相关迹象。,EnvSensor-C3
150,2025-06-16 19:30:00,郑州金水,31.3,7.4,57,监测点靠近相关区域，可能存在施工风险。,EnvSensor-B2
151,2025-06-16 19:45:00,重庆渝中,24.0,7.3,64,监测点靠近相关区域，可能存在传感器漂移风险。,EnvSensor-A1
152,2025-06-16 20:00:00,宁波鄞州,20.1,7.5,71,数据波动明显，疑似相关影响。,EnvSensor-C3
153,2025-06-16 20:15:00,广州天河,31.1,6.9,74,周围环境相关，采样值可信。,EnvSensor-B2
154,2025-06-16 20:30:00,杭州滨江,29.5,7.0,75,数据波动明显，疑似相关影响。,EnvSensor-C3
155,2025-06-16 20:45:00,青岛市南,22.3,6.9,71,数据波动明显，疑似相关影响。,EnvSensor-A1
156,2025-06-16 21:00:00,深圳南山,30.8,7.3,44,检测连续稳定，无明显相关迹象。,EnvSensor-B2
157,2025-06-16 21:15:00,武汉武昌,30.0,7.4,65,周围环境相关，采样值可信。,EnvSensor-C3
158,2025-06-16 21:30:00,武汉武昌,22.8,7.0,58,周围环境相关，采样值可信。,EnvSensor-C3
159,2025-06-16 21:45:00,天津南开,21.0,7.1,45,传感器工作正常，相关概率低。,EnvSensor-B2
160,2025-06-16 22:00:00,无锡滨湖,28.0,6.7,36,监测点靠近相关区域，可能存在数据缺失风险。,EnvSensor-B2
161,2025-06-16 22:15:00,深圳南山,27.0,7.3,54,监测点靠近相关区域，可能存在异常值风险。,EnvSensor-B2
162,2025-06-16 22:30:00,武汉武昌,23.0,7.1,56,当前时段为相关，需关注PM变化。,EnvSensor-C3
163,2025-06-16 22:45:00,苏州吴中,29.9,7.4,45,周围环境相关，采样值可信。,EnvSensor-A1
164,2025-06-16 23:00:00,济南历下,25.5,6.9,43,传感器工作正常，相关概率低。,EnvSensor-B2
165,2025-06-16 23:15:00,合肥庐阳,22.9,7.0,43,监测点靠近相关区域，可能存在施工风险。,EnvSensor-A1
166,2025-06-16 23:30:00,宁波鄞州,29.1,6.8,38,检测连续稳定，无明显相关迹象。,EnvSensor-C3
167,2025-06-16 23:45:00,广州天河,28.8,7.5,76,检测连续稳定，无明显相关迹象。,EnvSensor-B2
168,2025-06-17 00:00:00,天津南开,20.5,7.3,71,相关可能导致当前读数偏高。,EnvSensor-B2
169,2025-06-17 00:15:00,武汉武昌,27.5,7.1,36,周围环境相关，采样值可信。,EnvSensor-A1
170,2025-06-17 00:30:00,苏州吴中,23.6,7.0,45,相关可能导致当前读数偏高。,EnvSensor-C3
171,2025-06-17 00:45:00,重庆渝中,26.5,7.4,70,检测连续稳定，无明显相关迹象。,EnvSensor-C3
172,2025-06-17 01:00:00,苏州吴中,20.4,7.1,64,监测点靠近相关区域，可能存在交通高峰风险。,EnvSensor-C3
173,2025-06-17 01:15:00,广州天河,21.4,7.1,67,数据波动明显，疑似相关影响。,EnvSensor-A1
174,2025-06-17 01:30:00,北京海淀,21.1,7.1,75,检测连续稳定，无明显相关迹象。,EnvSensor-B2
175,2025-06-17 01:45:00,苏州吴中,23.1,7.3,44,监测点靠近相关区域，可能存在异常值风险。,EnvSensor-A1
176,2025-06-17 02:00:00,济南历下,27.0,7.2,72,检测连续稳定，无明显相关迹象。,EnvSensor-A1
177,2025-06-17 02:15:00,宁波鄞州,31.6,7.0,74,检测连续稳定，无明显相关迹象。,EnvSensor-A1
178,2025-06-17 02:30:00,郑州金水,25.3,7.0,35,当前时段为相关，需关注PM变化。,EnvSensor-A1
179,2025-06-17 02:45:00,西安碑林,24.0,6.8,56,传感器工作正常，相关概率低。,EnvSensor-A1
180,2025-06-17 03:00:00,成都高新,20.5,7.5,42,周围环境相关，采样值可信。,EnvSensor-C3
181,2025-06-17 03:15:00,合肥庐阳,20.1,7.1,35,数据波动明显，疑似相关影响。,EnvSensor-B2
182,2025-06-17 03:30:00,广州天河,21.5,7.3,32,检测连续稳定，无明显相关迹象。,EnvSensor-C3
183,2025-06-17 03:45:00,西安碑林,26.9,7.4,39,周围环境相关，采样值可信。,EnvSensor-B2
184,2025-06-17 04:00:00,哈尔滨道里,31.3,6.9,50,监测点靠近相关区域，可能存在施工风险。,EnvSensor-A1
185,2025-06-17 04:15:00,武汉武昌,26.1,7.1,58,传感器工作正常，相关概率低。,EnvSensor-C3
186,2025-06-17 04:30:00,北京海淀,26.7,6.8,57,检测连续稳定，无明显相关迹象。,EnvSensor-C3
187,2025-06-17 04:45:00,深圳南山,23.7,7.4,64,周围环境相关，采样值可信。,EnvSensor-C3
188,2025-06-17 05:00:00,广州天河,23.6,6.9,70,相关可能导致当前读数偏高。,EnvSensor-B2
189,2025-06-17 05:15:00,天津南开,20.6,6.7,72,相关可能导致当前读数偏高。,EnvSensor-A1
190,2025-06-17 05:30:00,武汉武昌,29.9,6.9,80,数据波动明显，疑似相关影响。,EnvSensor-B2
191,2025-06-17 05:45:00,广州天河,27.5,7.0,66,数据波动明显，疑似相关影响。,EnvSensor-B2
192,2025-06-17 06:00:00,成都高新,26.6,7.0,30,当前时段为相关，需关注PM变化。,EnvSensor-B2
193,2025-06-17 06:15:00,济南历下,23.4,6.9,44,检测连续稳定，无明显相关迹象。,EnvSensor-C3
194,2025-06-17 06:30:00,哈尔滨道里,23.0,7.4,32,传感器工作正常，相关概率低。,EnvSensor-B2
195,2025-06-17 06:45:00,宁波鄞州,25.1,7.1,41,监测点靠近相关区域，可能存在施工风险。,EnvSensor-B2
196,2025-06-17 07:00:00,合肥庐阳,28.7,6.8,57,当前时段为相关，需关注PM变化。,EnvSensor-A1
197,2025-06-17 07:15:00,杭州滨江,29.5,7.1,47,数据波动明显，疑似相关影响。,EnvSensor-A1
198,2025-06-17 07:30:00,苏州吴中,24.4,6.8,75,监测点靠近相关区域，可能存在信号干扰风险。,EnvSensor-B2
199,2025-06-17 07:45:00,合肥庐阳,23.4,7.3,66,相关可能导致当前读数偏高。,EnvSensor-C3
200,2025-06-17 08:00:00,宁波鄞州,30.8,7.3,79,相关可能导致当前读数偏高。,EnvSensor-C3
201,2025-06-17 08:15:00,上海浦东,23.6,7.2,49,周围环境相关，采样值可信。,EnvSensor-C3
202,2025-06-17 08:30:00,西安碑林,29.9,6.9,40,相关可能导致当前读数偏高。,EnvSensor-A1
203,2025-06-17 08:45:00,北京海淀,30.9,6.7,79,相关可能导致当前读数偏高。,EnvSensor-A1
204,2025-06-17 09:00:00,合肥庐阳,28.6,7.4,42,检测连续稳定，无明显相关迹象。,EnvSensor-C3
205,2025-06-17 09:15:00,济南历下,21.9,7.3,42,监测点靠近相关区域，可能存在设备维护风险。,EnvSensor-A1
206,2025-06-17 09:30:00,宁波鄞州,20.5,7.4,47,传感器工作正常，相关概率低。,EnvSensor-A1
207,2025-06-17 09:45:00,苏州吴中,31.7,7.4,72,检测连续稳定，无明显相关迹象。,EnvSensor-C3
208,2025-06-17 10:00:00,宁波鄞州,23.1,7.4,71,监测点靠近相关区域，可能存在工业污染风险。,EnvSensor-B2
209,2025-06-17 10:15:00,青岛市南,29.1,7.3,73,传感器工作正常，相关概率低。,EnvSensor-A1
210,2025-06-17 10:30:00,宁波鄞州,28.9,7.1,46,周围环境相关，采样值可信。,EnvSensor-A1
211,2025-06-17 10:45:00,成都高新,29.7,6.8,32,相关可能导致当前读数偏高。,EnvSensor-A1
212,2025-06-17 11:00:00,长沙雨花,26.2,7.2,31,传感器工作正常，相关概率低。,EnvSensor-B2
213,2025-06-17 11:15:00,北京海淀,21.8,7.0,36,监测点靠近相关区域，可能存在传感器漂移风险。,EnvSensor-B2
214,2025-06-17 11:30:00,长沙雨花,28.2,7.1,40,当前时段为相关，需关注PM变化。,EnvSensor-A1
215,2025-06-17 11:45:00,杭州滨江,29.9,7.1,40,传感器工作正常，相关概率低。,EnvSensor-B2
216,2025-06-17 12:00:00,济南历下,26.1,7.2,57,监测点靠近相关区域，可能存在交通高峰风险。,EnvSensor-A1
217,2025-06-17 12:15:00,武汉武昌,26.3,7.3,52,周围环境相关，采样值可信。,EnvSensor-A1
218,2025-06-17 12:30:00,深圳南山,21.2,7.1,51,数据波动明显，疑似相关影响。,EnvSensor-C3
219,2025-06-17 12:45:00,苏州吴中,28.2,6.7,50,当前时段为相关，需关注PM变化。,EnvSensor-B2
220,2025-06-17 13:00:00,哈尔滨道里,25.4,6.7,43,周围环境相关，采样值可信。,EnvSensor-C3
221,2025-06-17 13:15:00,哈尔滨道里,30.5,7.3,80,监测点靠近相关区域，可能存在工业污染风险。,EnvSensor-C3
222,2025-06-17 13:30:00,北京海淀,28.1,7.4,38,监测点靠近相关区域，可能存在信号干扰风险。,EnvSensor-C3
223,2025-06-17 13:45:00,苏州吴中,21.2,6.8,44,相关可能导致当前读数偏高。,EnvSensor-B2
224,2025-06-17 14:00:00,济南历下,27.1,7.1,32,传感器工作正常，相关概率低。,EnvSensor-C3
225,2025-06-17 14:15:00,青岛市南,25.4,7.5,58,当前时段为相关，需关注PM变化。,EnvSensor-A1
226,2025-06-17 14:30:00,长沙雨花,31.0,7.0,76,周围环境相关，采样值可信。,EnvSensor-A1
227,2025-06-17 14:45:00,苏州吴中,24.1,7.2,59,传感器工作正常，相关概率低。,EnvSensor-C3
228,2025-06-17 15:00:00,苏州吴中,23.5,7.2,49,监测点靠近相关区域，可能存在异常值风险。,EnvSensor-B2
229,2025-06-17 15:15:00,苏州吴中,23.5,7.2,75,传感器工作正常，相关概率低。,EnvSensor-C3
230,2025-06-17 15:30:00,长沙雨花,23.8,7.4,55,相关可能导致当前读数偏高。,EnvSensor-B2
231,2025-06-17 15:45:00,西安碑林,21.6,7.4,72,当前时段为相关，需关注PM变化。,EnvSensor-B2
232,2025-06-17 16:00:00,长沙雨花,21.1,7.4,48,当前时段为相关，需关注PM变化。,EnvSensor-C3
233,2025-06-17 16:15:00,长沙雨花,24.9,7.3,35,当前时段为相关，需关注PM变化。,EnvSensor-A1
234,2025-06-17 16:30:00,郑州金水,22.5,7.2,69,当前时段为相关，需关注PM变化。,EnvSensor-A1
235,2025-06-17 16:45:00,成都高新,27.1,6.9,46,监测点靠近相关区域，可能存在信号干扰风险。,EnvSensor-B2
236,2025-06-17 17:00:00,苏州吴中,26.4,7.2,45,检测连续稳定，无明显相关迹象。,EnvSensor-B2
237,2025-06-17 17:15:00,成都高新,23.7,7.1,36,检测连续稳定，无明显相关迹象。,EnvSensor-C3
238,2025-06-17 17:30:00,天津南开,20.0,7.4,31,检测连续稳定，无明显相关迹象。,EnvSensor-C3
239,2025-06-17 17:45:00,苏州吴中,30.2,7.0,42,检测连续稳定，无明显相关迹象。,EnvSensor-C3
240,2025-06-17 18:00:00,南京鼓楼,23.0,7.1,71,监测点靠近相关区域，可能存在数据缺失风险。,EnvSensor-A1
241,2025-06-17 18:15:00,哈尔滨道里,20.8,7.0,45,传感器工作正常，相关概率低。,EnvSensor-C3
242,2025-06-17 18:30:00,深圳南山,25.4,6.9,53,当前时段为相关，需关注PM变化。,EnvSensor-B2
243,2025-06-17 18:45:00,天津南开,27.3,6.9,77,数据波动明显，疑似相关影响。,EnvSensor-A1
244,2025-06-17 19:00:00,广州天河,26.5,7.5,78,数据波动明显，疑似相关影响。,EnvSensor-A1
245,2025-06-17 19:15:00,无锡滨湖,20.2,7.5,74,周围环境相关，采样值可信。,EnvSensor-A1
246,2025-06-17 19:30:00,苏州吴中,29.4,7.3,68,数据波动明显，疑似相关影响。,EnvSensor-A1
247,2025-06-17 19:45:00,天津南开,29.5,6.8,53,监测点靠近相关区域，可能存在施工风险。,EnvSensor-A1
248,2025-06-17 20:00:00,无锡滨湖,25.2,6.7,75,当前时段为相关，需关注PM变化。,EnvSensor-B2
249,2025-06-17 20:15:00,青岛市南,29.4,6.9,33,周围环境相关，采样值可信。,EnvSensor-B2
250,2025-06-17 20:30:00,合肥庐阳,23.8,7.2,60,检测连续稳定，无明显相关迹象。,EnvSensor-C3
251,2025-06-17 20:45:00,济南历下,23.6,7.0,39,当前时段为相关，需关注PM变化。,EnvSensor-A1
252,2025-06-17 21:00:00,合肥庐阳,27.6,7.1,73,数据波动明显，疑似相关影响。,EnvSensor-A1
253,2025-06-17 21:15:00,苏州吴中,31.4,7.3,38,相关可能导致当前读数偏高。,EnvSensor-B2
254,2025-06-17 21:30:00,武汉武昌,29.9,7.1,59,监测点靠近相关区域，可能存在数据缺失风险。,EnvSensor-C3
255,2025-06-17 21:45:00,南京鼓楼,24.1,7.2,75,传感器工作正常，相关概率低。,EnvSensor-C3
256,2025-06-17 22:00:00,天津南开,31.6,7.0,40,周围环境相关，采样值可信。,EnvSensor-C3
257,2025-06-17 22:15:00,上海浦东,24.8,7.2,70,传感器工作正常，相关概率低。,EnvSensor-C3
258,2025-06-17 22:30:00,苏州吴中,29.6,7.0,47,监测点靠近相关区域，可能存在数据缺失风险。,EnvSensor-B2
259,2025-06-17 22:45:00,哈尔滨道里,28.1,7.1,55,数据波动明显，疑似相关影响。,EnvSensor-A1
260,2025-06-17 23:00:00,南京鼓楼,28.2,7.5,35,监测点靠近相关区域，可能存在交通高峰风险。,EnvSensor-B2
261,2025-06-17 23:15:00,青岛市南,23.6,6.9,66,数据波动明显，疑似相关影响。,EnvSensor-C3
262,2025-06-17 23:30:00,长沙雨花,20.1,7.2,48,监测点靠近相关区域，可能存在异常值风险。,EnvSensor-C3
263,2025-06-17 23:45:00,合肥庐阳,31.8,6.7,57,数据波动明显，疑似相关影响。,EnvSensor-C3
264,2025-06-18 00:00:00,郑州金水,24.0,7.4,60,检测连续稳定，无明显相关迹象。,EnvSensor-B2
265,2025-06-18 00:15:00,济南历下,24.9,7.0,79,周围环境相关，采样值可信。,EnvSensor-A1
266,2025-06-18 00:30:00,天津南开,29.3,6.8,76,监测点靠近相关区域，可能存在突变风险。,EnvSensor-B2
267,2025-06-18 00:45:00,北京海淀,22.2,7.3,79,周围环境相关，采样值可信。,EnvSensor-B2
268,2025-06-18 01:00:00,深圳南山,26.8,6.8,56,检测连续稳定，无明显相关迹象。,EnvSensor-C3
269,2025-06-18 01:15:00,长沙雨花,31.2,7.1,40,数据波动明显，疑似相关影响。,EnvSensor-B2
270,2025-06-18 01:30:00,武汉武昌,24.8,7.4,61,当前时段为相关，需关注PM变化。,EnvSensor-A1
271,2025-06-18 01:45:00,哈尔滨道里,20.8,7.0,40,传感器工作正常，相关概率低。,EnvSensor-C3
272,2025-06-18 02:00:00,无锡滨湖,24.3,7.0,74,周围环境相关，采样值可信。,EnvSensor-C3
273,2025-06-18 02:15:00,重庆渝中,23.5,6.9,80,周围环境相关，采样值可信。,EnvSensor-A1
274,2025-06-18 02:30:00,重庆渝中,24.7,7.0,52,监测点靠近相关区域，可能存在数据缺失风险。,EnvSensor-C3
275,2025-06-18 02:45:00,天津南开,26.7,7.4,79,传感器工作正常，相关概率低。,EnvSensor-C3
276,2025-06-18 03:00:00,南京鼓楼,21.4,7.2,69,传感器工作正常，相关概率低。,EnvSensor-C3
277,2025-06-18 03:15:00,上海浦东,30.7,7.2,35,相关可能导致当前读数偏高。,EnvSensor-C3
278,2025-06-18 03:30:00,深圳南山,28.6,7.3,55,数据波动明显，疑似相关影响。,EnvSensor-A1
279,2025-06-18 03:45:00,成都高新,27.9,7.1,53,周围环境相关，采样值可信。,EnvSensor-B2
280,2025-06-18 04:00:00,宁波鄞州,27.2,6.9,77,监测点靠近相关区域，可能存在数据缺失风险。,EnvSensor-B2
281,2025-06-18 04:15:00,北京海淀,29.8,7.3,53,传感器工作正常，相关概率低。,EnvSensor-A1
282,2025-06-18 04:30:00,郑州金水,21.5,7.3,56,当前时段为相关，需关注PM变化。,EnvSensor-A1
283,2025-06-18 04:45:00,无锡滨湖,29.8,6.9,45,检测连续稳定，无明显相关迹象。,EnvSensor-B2
284,2025-06-18 05:00:00,天津南开,31.9,7.4,36,检测连续稳定，无明显相关迹象。,EnvSensor-A1
285,2025-06-18 05:15:00,杭州滨江,20.6,6.9,36,监测点靠近相关区域，可能存在异常值风险。,EnvSensor-C3
286,2025-06-18 05:30:00,长沙雨花,20.1,6.9,30,检测连续稳定，无明显相关迹象。,EnvSensor-B2
287,2025-06-18 05:45:00,郑州金水,23.1,7.3,40,检测连续稳定，无明显相关迹象。,EnvSensor-C3
288,2025-06-18 06:00:00,青岛市南,28.4,7.3,33,监测点靠近相关区域，可能存在施工风险。,EnvSensor-C3
289,2025-06-18 06:15:00,哈尔滨道里,21.5,6.9,32,检测连续稳定，无明显相关迹象。,EnvSensor-A1
290,2025-06-18 06:30:00,杭州滨江,25.7,7.3,80,相关可能导致当前读数偏高。,EnvSensor-A1
291,2025-06-18 06:45:00,无锡滨湖,26.2,7.0,49,检测连续稳定，无明显相关迹象。,EnvSensor-A1
292,2025-06-18 07:00:00,济南历下,25.4,7.0,66,当前时段为相关，需关注PM变化。,EnvSensor-A1
293,2025-06-18 07:15:00,杭州滨江,23.1,7.1,58,周围环境相关，采样值可信。,EnvSensor-B2
294,2025-06-18 07:30:00,济南历下,24.3,7.2,52,相关可能导致当前读数偏高。,EnvSensor-A1
295,2025-06-18 07:45:00,宁波鄞州,23.7,6.8,71,检测连续稳定，无明显相关迹象。,EnvSensor-A1
296,2025-06-18 08:00:00,北京海淀,21.2,7.3,71,数据波动明显，疑似相关影响。,EnvSensor-C3
297,2025-06-18 08:15:00,长沙雨花,26.2,6.9,49,相关可能导致当前读数偏高。,EnvSensor-B2
298,2025-06-18 08:30:00,西安碑林,28.2,7.0,32,检测连续稳定，无明显相关迹象。,EnvSensor-A1
299,2025-06-18 08:45:00,苏州吴中,28.8,6.8,56,当前时段为相关，需关注PM变化。,EnvSensor-B2
300,2025-06-18 09:00:00,武汉武昌,20.4,7.3,45,监测点靠近相关区域，可能存在突变风险。,EnvSensor-B2
301,2025-06-18 09:15:00,济南历下,23.3,7.1,40,数据波动明显，疑似相关影响。,EnvSensor-B2
302,2025-06-18 09:30:00,杭州滨江,20.4,7.2,55,当前时段为相关，需关注PM变化。,EnvSensor-C3
303,2025-06-18 09:45:00,青岛市南,31.4,7.0,37,相关可能导致当前读数偏高。,EnvSensor-B2
304,2025-06-18 10:00:00,杭州滨江,22.9,7.1,38,周围环境相关，采样值可信。,EnvSensor-B2
305,2025-06-18 10:15:00,武汉武昌,25.5,6.8,38,相关可能导致当前读数偏高。,EnvSensor-C3
306,2025-06-18 10:30:00,成都高新,23.1,7.4,32,相关可能导致当前读数偏高。,EnvSensor-C3
307,2025-06-18 10:45:00,济南历下,29.6,7.3,43,相关可能导致当前读数偏高。,EnvSensor-C3
308,2025-06-18 11:00:00,南京鼓楼,23.1,7.1,63,传感器工作正常，相关概率低。,EnvSensor-B2
309,2025-06-18 11:15:00,成都高新,24.0,7.3,40,传感器工作正常，相关概率低。,EnvSensor-A1
310,2025-06-18 11:30:00,广州天河,26.4,7.2,32,监测点靠近相关区域，可能存在绿化带风险。,EnvSensor-B2
311,2025-06-18 11:45:00,北京海淀,28.3,6.7,30,周围环境相关，采样值可信。,EnvSensor-C3
312,2025-06-18 12:00:00,天津南开,22.2,7.4,50,相关可能导致当前读数偏高。,EnvSensor-C3
313,2025-06-18 12:15:00,西安碑林,31.9,7.1,58,传感器工作正常，相关概率低。,EnvSensor-B2
314,2025-06-18 12:30:00,宁波鄞州,28.9,7.1,78,数据波动明显，疑似相关影响。,EnvSensor-B2
315,2025-06-18 12:45:00,北京海淀,26.1,6.8,65,数据波动明显，疑似相关影响。,EnvSensor-C3
316,2025-06-18 13:00:00,深圳南山,25.6,7.2,38,数据波动明显，疑似相关影响。,EnvSensor-C3
317,2025-06-18 13:15:00,深圳南山,22.0,7.4,75,数据波动明显，疑似相关影响。,EnvSensor-C3
318,2025-06-18 13:30:00,长沙雨花,25.6,7.2,40,当前时段为相关，需关注PM变化。,EnvSensor-B2
319,2025-06-18 13:45:00,天津南开,24.8,7.2,46,检测连续稳定，无明显相关迹象。,EnvSensor-C3
320,2025-06-18 14:00:00,苏州吴中,29.3,7.1,35,周围环境相关，采样值可信。,EnvSensor-B2
321,2025-06-18 14:15:00,北京海淀,23.5,7.5,37,传感器工作正常，相关概率低。,EnvSensor-A1
322,2025-06-18 14:30:00,郑州金水,30.6,7.1,73,相关可能导致当前读数偏高。,EnvSensor-B2
323,2025-06-18 14:45:00,合肥庐阳,21.3,7.3,35,传感器工作正常，相关概率低。,EnvSensor-B2
324,2025-06-18 15:00:00,哈尔滨道里,30.9,7.4,47,周围环境相关，采样值可信。,EnvSensor-A1
325,2025-06-18 15:15:00,西安碑林,21.7,7.3,47,周围环境相关，采样值可信。,EnvSensor-B2
326,2025-06-18 15:30:00,青岛市南,27.2,7.1,34,周围环境相关，采样值可信。,EnvSensor-C3
327,2025-06-18 15:45:00,苏州吴中,26.7,7.3,76,数据波动明显，疑似相关影响。,EnvSensor-C3
328,2025-06-18 16:00:00,天津南开,30.8,7.1,75,周围环境相关，采样值可信。,EnvSensor-A1
329,2025-06-18 16:15:00,杭州滨江,31.6,6.9,35,传感器工作正常，相关概率低。,EnvSensor-C3
330,2025-06-18 16:30:00,深圳南山,21.5,6.9,79,当前时段为相关，需关注PM变化。,EnvSensor-C3
331,2025-06-18 16:45:00,成都高新,21.7,7.1,38,当前时段为相关，需关注PM变化。,EnvSensor-A1
332,2025-06-18 17:00:00,合肥庐阳,24.6,7.5,72,数据波动明显，疑似相关影响。,EnvSensor-A1
333,2025-06-18 17:15:00,哈尔滨道里,24.7,7.3,47,周围环境相关，采样值可信。,EnvSensor-C3
334,2025-06-18 17:30:00,哈尔滨道里,23.4,7.2,44,周围环境相关，采样值可信。,EnvSensor-A1
335,2025-06-18 17:45:00,合肥庐阳,31.7,7.0,35,相关可能导致当前读数偏高。,EnvSensor-A1
336,2025-06-18 18:00:00,重庆渝中,21.2,7.0,37,数据波动明显，疑似相关影响。,EnvSensor-C3
337,2025-06-18 18:15:00,西安碑林,31.7,7.2,55,监测点靠近相关区域，可能存在施工风险。,EnvSensor-A1
338,2025-06-18 18:30:00,深圳南山,23.3,7.5,59,检测连续稳定，无明显相关迹象。,EnvSensor-A1
339,2025-06-18 18:45:00,南京鼓楼,23.9,7.3,61,数据波动明显，疑似相关影响。,EnvSensor-C3
340,2025-06-18 19:00:00,天津南开,20.8,7.1,57,检测连续稳定，无明显相关迹象。,EnvSensor-A1
341,2025-06-18 19:15:00,济南历下,23.6,6.8,50,数据波动明显，疑似相关影响。,EnvSensor-A1
342,2025-06-18 19:30:00,杭州滨江,28.3,7.5,41,数据波动明显，疑似相关影响。,EnvSensor-B2
343,2025-06-18 19:45:00,南京鼓楼,26.0,7.1,30,相关可能导致当前读数偏高。,EnvSensor-C3
344,2025-06-18 20:00:00,深圳南山,23.9,7.5,69,监测点靠近相关区域，可能存在异常值风险。,EnvSensor-C3
345,2025-06-18 20:15:00,南京鼓楼,23.2,7.3,35,检测连续稳定，无明显相关迹象。,EnvSensor-A1
346,2025-06-18 20:30:00,成都高新,25.7,7.4,58,监测点靠近相关区域，可能存在设备维护风险。,EnvSensor-A1
347,2025-06-18 20:45:00,苏州吴中,31.0,6.9,31,相关可能导致当前读数偏高。,EnvSensor-C3
348,2025-06-18 21:00:00,苏州吴中,22.6,7.2,34,数据波动明显，疑似相关影响。,EnvSensor-A1
349,2025-06-18 21:15:00,北京海淀,26.5,7.3,62,相关可能导致当前读数偏高。,EnvSensor-B2
350,2025-06-18 21:30:00,西安碑林,22.4,6.7,75,周围环境相关，采样值可信。,EnvSensor-B2
351,2025-06-18 21:45:00,郑州金水,24.4,7.0,62,监测点靠近相关区域，可能存在设备维护风险。,EnvSensor-B2
352,2025-06-18 22:00:00,苏州吴中,24.8,6.8,34,相关可能导致当前读数偏高。,EnvSensor-A1
353,2025-06-18 22:15:00,苏州吴中,31.6,7.2,70,当前时段为相关，需关注PM变化。,EnvSensor-C3
354,2025-06-18 22:30:00,苏州吴中,22.6,7.2,46,传感器工作正常，相关概率低。,EnvSensor-A1
355,2025-06-18 22:45:00,杭州滨江,28.7,6.7,75,传感器工作正常，相关概率低。,EnvSensor-C3
356,2025-06-18 23:00:00,杭州滨江,23.4,7.1,46,检测连续稳定，无明显相关迹象。,EnvSensor-C3
357,2025-06-18 23:15:00,重庆渝中,22.3,6.9,33,当前时段为相关，需关注PM变化。,EnvSensor-B2
358,2025-06-18 23:30:00,济南历下,27.5,7.2,33,数据波动明显，疑似相关影响。,EnvSensor-A1
359,2025-06-18 23:45:00,青岛市南,22.6,7.2,61,数据波动明显，疑似相关影响。,EnvSensor-C3
360,2025-06-19 00:00:00,合肥庐阳,27.8,7.0,56,传感器工作正常，相关概率低。,EnvSensor-A1
361,2025-06-19 00:15:00,广州天河,28.1,7.4,60,检测连续稳定，无明显相关迹象。,EnvSensor-B2
362,2025-06-19 00:30:00,苏州吴中,25.1,7.5,47,当前时段为相关，需关注PM变化。,EnvSensor-B2
363,2025-06-19 00:45:00,深圳南山,22.4,6.9,37,周围环境相关，采样值可信。,EnvSensor-A1
364,2025-06-19 01:00:00,西安碑林,22.8,6.7,73,传感器工作正常，相关概率低。,EnvSensor-B2
365,2025-06-19 01:15:00,北京海淀,26.0,7.4,71,监测点靠近相关区域，可能存在绿化带风险。,EnvSensor-A1
366,2025-06-19 01:30:00,广州天河,24.1,7.4,56,当前时段为相关，需关注PM变化。,EnvSensor-A1
367,2025-06-19 01:45:00,武汉武昌,22.5,6.8,79,传感器工作正常，相关概率低。,EnvSensor-A1
368,2025-06-19 02:00:00,深圳南山,20.1,6.9,70,传感器工作正常，相关概率低。,EnvSensor-A1
369,2025-06-19 02:15:00,长沙雨花,27.1,6.8,68,相关可能导致当前读数偏高。,EnvSensor-B2
370,2025-06-19 02:30:00,无锡滨湖,26.1,7.2,65,周围环境相关，采样值可信。,EnvSensor-C3
371,2025-06-19 02:45:00,哈尔滨道里,28.5,6.8,48,传感器工作正常，相关概率低。,EnvSensor-A1
372,2025-06-19 03:00:00,南京鼓楼,22.4,6.8,62,检测连续稳定，无明显相关迹象。,EnvSensor-B2
373,2025-06-19 03:15:00,合肥庐阳,21.9,7.0,80,数据波动明显，疑似相关影响。,EnvSensor-B2
374,2025-06-19 03:30:00,苏州吴中,20.3,7.2,54,数据波动明显，疑似相关影响。,EnvSensor-A1
375,2025-06-19 03:45:00,西安碑林,22.8,7.0,57,当前时段为相关，需关注PM变化。,EnvSensor-B2
376,2025-06-19 04:00:00,哈尔滨道里,28.9,7.3,60,传感器工作正常，相关概率低。,EnvSensor-B2
377,2025-06-19 04:15:00,北京海淀,28.6,7.1,44,传感器工作正常，相关概率低。,EnvSensor-B2
378,2025-06-19 04:30:00,青岛市南,27.6,7.2,46,周围环境相关，采样值可信。,EnvSensor-A1
379,2025-06-19 04:45:00,上海浦东,31.0,7.1,50,监测点靠近相关区域，可能存在数据缺失风险。,EnvSensor-B2
380,2025-06-19 05:00:00,武汉武昌,20.5,7.4,72,相关可能导致当前读数偏高。,EnvSensor-C3
381,2025-06-19 05:15:00,成都高新,31.8,7.3,37,当前时段为相关，需关注PM变化。,EnvSensor-B2
382,2025-06-19 05:30:00,青岛市南,28.4,7.0,53,当前时段为相关，需关注PM变化。,EnvSensor-B2
383,2025-06-19 05:45:00,武汉武昌,23.6,7.2,39,检测连续稳定，无明显相关迹象。,EnvSensor-B2
384,2025-06-19 06:00:00,杭州滨江,31.0,6.8,50,当前时段为相关，需关注PM变化。,EnvSensor-C3
385,2025-06-19 06:15:00,上海浦东,20.4,7.2,65,检测连续稳定，无明显相关迹象。,EnvSensor-C3
386,2025-06-19 06:30:00,武汉武昌,23.8,7.2,80,周围环境相关，采样值可信。,EnvSensor-A1
387,2025-06-19 06:45:00,天津南开,24.6,7.2,38,相关可能导致当前读数偏高。,EnvSensor-A1
388,2025-06-19 07:00:00,深圳南山,21.8,6.9,62,检测连续稳定，无明显相关迹象。,EnvSensor-A1
389,2025-06-19 07:15:00,哈尔滨道里,21.5,6.8,65,传感器工作正常，相关概率低。,EnvSensor-A1
390,2025-06-19 07:30:00,郑州金水,23.5,7.0,55,传感器工作正常，相关概率低。,EnvSensor-A1
391,2025-06-19 07:45:00,济南历下,30.8,6.8,80,检测连续稳定，无明显相关迹象。,EnvSensor-C3
392,2025-06-19 08:00:00,成都高新,22.0,6.7,75,监测点靠近相关区域，可能存在传感器漂移风险。,EnvSensor-B2
393,2025-06-19 08:15:00,北京海淀,31.4,7.2,49,传感器工作正常，相关概率低。,EnvSensor-C3
394,2025-06-19 08:30:00,杭州滨江,25.7,6.8,60,检测连续稳定，无明显相关迹象。,EnvSensor-B2
395,2025-06-19 08:45:00,成都高新,26.4,6.9,47,监测点靠近相关区域，可能存在数据缺失风险。,EnvSensor-C3
396,2025-06-19 09:00:00,深圳南山,30.7,7.5,36,监测点靠近相关区域，可能存在绿化带风险。,EnvSensor-C3
397,2025-06-19 09:15:00,哈尔滨道里,29.5,7.1,49,传感器工作正常，相关概率低。,EnvSensor-C3
398,2025-06-19 09:30:00,南京鼓楼,26.9,7.4,48,监测点靠近相关区域，可能存在交通高峰风险。,EnvSensor-B2
399,2025-06-19 09:45:00,上海浦东,25.0,6.8,31,传感器工作正常，相关概率低。,EnvSensor-B2
400,2025-06-19 10:00:00,苏州吴中,25.7,7.1,75,当前时段为相关，需关注PM变化。,EnvSensor-A1
401,2025-06-19 10:15:00,无锡滨湖,29.8,6.9,66,检测连续稳定，无明显相关迹象。,EnvSensor-B2
402,2025-06-19 10:30:00,西安碑林,25.3,7.5,45,监测点靠近相关区域，可能存在传感器漂移风险。,EnvSensor-A1
403,2025-06-19 10:45:00,西安碑林,23.0,7.0,60,传感器工作正常，相关概率低。,EnvSensor-C3
404,2025-06-19 11:00:00,上海浦东,25.0,6.8,31,数据波动明显，疑似相关影响。,EnvSensor-A1
405,2025-06-19 11:15:00,南京鼓楼,23.8,7.0,40,数据波动明显，疑似相关影响。,EnvSensor-C3
406,2025-06-19 11:30:00,苏州吴中,24.1,7.3,34,当前时段为相关，需关注PM变化。,EnvSensor-C3
407,2025-06-19 11:45:00,北京海淀,20.6,7.0,40,数据波动明显，疑似相关影响。,EnvSensor-B2
408,2025-06-19 12:00:00,郑州金水,28.7,7.0,30,当前时段为相关，需关注PM变化。,EnvSensor-B2
409,2025-06-19 12:15:00,天津南开,22.9,7.3,58,传感器工作正常，相关概率低。,EnvSensor-B2
410,2025-06-19 12:30:00,南京鼓楼,26.0,7.5,65,当前时段为相关，需关注PM变化。,EnvSensor-A1
411,2025-06-19 12:45:00,西安碑林,23.5,7.3,57,传感器工作正常，相关概率低。,EnvSensor-C3
412,2025-06-19 13:00:00,武汉武昌,29.2,7.3,62,当前时段为相关，需关注PM变化。,EnvSensor-B2
413,2025-06-19 13:15:00,天津南开,26.7,6.9,61,数据波动明显，疑似相关影响。,EnvSensor-B2
414,2025-06-19 13:30:00,合肥庐阳,31.2,6.8,76,当前时段为相关，需关注PM变化。,EnvSensor-B2
415,2025-06-19 13:45:00,郑州金水,27.4,7.3,30,当前时段为相关，需关注PM变化。,EnvSensor-B2
416,2025-06-19 14:00:00,成都高新,27.9,7.4,80,检测连续稳定，无明显相关迹象。,EnvSensor-A1
417,2025-06-19 14:15:00,郑州金水,30.0,6.9,69,相关可能导致当前读数偏高。,EnvSensor-C3
418,2025-06-19 14:30:00,杭州滨江,25.3,7.0,49,传感器工作正常，相关概率低。,EnvSensor-A1
419,2025-06-19 14:45:00,郑州金水,31.7,6.8,56,相关可能导致当前读数偏高。,EnvSensor-C3
420,2025-06-19 15:00:00,成都高新,23.4,7.5,77,传感器工作正常，相关概率低。,EnvSensor-C3
421,2025-06-19 15:15:00,深圳南山,20.3,7.4,78,数据波动明显，疑似相关影响。,EnvSensor-B2
422,2025-06-19 15:30:00,无锡滨湖,24.1,7.0,62,监测点靠近相关区域，可能存在异常值风险。,EnvSensor-C3
423,2025-06-19 15:45:00,重庆渝中,25.8,7.0,48,传感器工作正常，相关概率低。,EnvSensor-B2
424,2025-06-19 16:00:00,南京鼓楼,31.0,7.5,62,监测点靠近相关区域，可能存在工业污染风险。,EnvSensor-A1
425,2025-06-19 16:15:00,天津南开,27.3,7.4,62,当前时段为相关，需关注PM变化。,EnvSensor-B2
426,2025-06-19 16:30:00,北京海淀,20.7,7.2,67,周围环境相关，采样值可信。,EnvSensor-C3
427,2025-06-19 16:45:00,武汉武昌,30.5,7.3,58,当前时段为相关，需关注PM变化。,EnvSensor-B2
428,2025-06-19 17:00:00,杭州滨江,29.1,7.3,47,数据波动明显，疑似相关影响。,EnvSensor-C3
429,2025-06-19 17:15:00,南京鼓楼,23.2,7.5,41,传感器工作正常，相关概率低。,EnvSensor-C3
430,2025-06-19 17:30:00,天津南开,21.2,6.8,75,当前时段为相关，需关注PM变化。,EnvSensor-B2
431,2025-06-19 17:45:00,北京海淀,30.7,7.0,50,检测连续稳定，无明显相关迹象。,EnvSensor-C3
432,2025-06-19 18:00:00,广州天河,28.7,6.9,72,周围环境相关，采样值可信。,EnvSensor-C3
433,2025-06-19 18:15:00,长沙雨花,31.8,6.9,77,传感器工作正常，相关概率低。,EnvSensor-A1
434,2025-06-19 18:30:00,无锡滨湖,25.6,7.2,58,监测点靠近相关区域，可能存在交通高峰风险。,EnvSensor-B2
435,2025-06-19 18:45:00,杭州滨江,20.8,6.8,40,数据波动明显，疑似相关影响。,EnvSensor-B2
436,2025-06-19 19:00:00,合肥庐阳,25.6,6.9,39,周围环境相关，采样值可信。,EnvSensor-B2
437,2025-06-19 19:15:00,南京鼓楼,20.1,6.8,64,数据波动明显，疑似相关影响。,EnvSensor-A1
438,2025-06-19 19:30:00,重庆渝中,25.4,7.3,61,相关可能导致当前读数偏高。,EnvSensor-C3
439,2025-06-19 19:45:00,济南历下,24.1,7.5,54,检测连续稳定，无明显相关迹象。,EnvSensor-A1
440,2025-06-19 20:00:00,重庆渝中,24.3,7.2,34,传感器工作正常，相关概率低。,EnvSensor-C3
441,2025-06-19 20:15:00,重庆渝中,22.9,7.3,51,当前时段为相关，需关注PM变化。,EnvSensor-B2
442,2025-06-19 20:30:00,苏州吴中,24.0,7.5,70,相关可能导致当前读数偏高。,EnvSensor-C3
443,2025-06-19 20:45:00,济南历下,31.8,6.9,65,数据波动明显，疑似相关影响。,EnvSensor-A1
444,2025-06-19 21:00:00,成都高新,20.9,7.5,67,检测连续稳定，无明显相关迹象。,EnvSensor-C3
445,2025-06-19 21:15:00,重庆渝中,29.0,7.3,37,检测连续稳定，无明显相关迹象。,EnvSensor-C3
446,2025-06-19 21:30:00,北京海淀,29.5,7.4,58,当前时段为相关，需关注PM变化。,EnvSensor-A1
447,2025-06-19 21:45:00,广州天河,26.9,7.2,79,数据波动明显，疑似相关影响。,EnvSensor-B2
448,2025-06-19 22:00:00,济南历下,30.0,6.8,35,传感器工作正常，相关概率低。,EnvSensor-A1
449,2025-06-19 22:15:00,无锡滨湖,23.8,7.3,63,数据波动明显，疑似相关影响。,EnvSensor-C3
450,2025-06-19 22:30:00,济南历下,27.0,7.2,46,周围环境相关，采样值可信。,EnvSensor-C3
451,2025-06-19 22:45:00,深圳南山,25.3,6.7,78,传感器工作正常，相关概率低。,EnvSensor-A1
452,2025-06-19 23:00:00,上海浦东,22.0,6.8,55,周围环境相关，采样值可信。,EnvSensor-A1
453,2025-06-19 23:15:00,苏州吴中,20.9,7.0,36,检测连续稳定，无明显相关迹象。,EnvSensor-A1
454,2025-06-19 23:30:00,南京鼓楼,30.2,7.2,56,当前时段为相关，需关注PM变化。,EnvSensor-C3
455,2025-06-19 23:45:00,西安碑林,31.3,6.8,43,相关可能导致当前读数偏高。,EnvSensor-A1
456,2025-06-20 00:00:00,深圳南山,31.3,7.2,78,传感器工作正常，相关概率低。,EnvSensor-A1
457,2025-06-20 00:15:00,宁波鄞州,25.1,6.9,45,传感器工作正常，相关概率低。,EnvSensor-A1
458,2025-06-20 00:30:00,苏州吴中,30.6,7.4,79,检测连续稳定，无明显相关迹象。,EnvSensor-C3
459,2025-06-20 00:45:00,宁波鄞州,21.2,7.4,44,监测点靠近相关区域，可能存在施工风险。,EnvSensor-C3
460,2025-06-20 01:00:00,广州天河,30.9,6.7,63,传感器工作正常，相关概率低。,EnvSensor-B2
461,2025-06-20 01:15:00,哈尔滨道里,26.3,7.2,80,相关可能导致当前读数偏高。,EnvSensor-B2
462,2025-06-20 01:30:00,天津南开,29.6,7.1,59,数据波动明显，疑似相关影响。,EnvSensor-C3
463,2025-06-20 01:45:00,广州天河,22.6,7.4,31,相关可能导致当前读数偏高。,EnvSensor-B2
464,2025-06-20 02:00:00,郑州金水,30.0,7.0,57,传感器工作正常，相关概率低。,EnvSensor-A1
465,2025-06-20 02:15:00,南京鼓楼,23.7,7.1,56,监测点靠近相关区域，可能存在异常值风险。,EnvSensor-C3
466,2025-06-20 02:30:00,南京鼓楼,29.8,6.8,31,监测点靠近相关区域，可能存在异常值风险。,EnvSensor-B2
467,2025-06-20 02:45:00,无锡滨湖,24.5,6.9,66,检测连续稳定，无明显相关迹象。,EnvSensor-B2
468,2025-06-20 03:00:00,合肥庐阳,24.5,6.7,37,监测点靠近相关区域，可能存在绿化带风险。,EnvSensor-B2
469,2025-06-20 03:15:00,北京海淀,28.2,7.4,39,传感器工作正常，相关概率低。,EnvSensor-A1
470,2025-06-20 03:30:00,南京鼓楼,23.8,7.1,45,周围环境相关，采样值可信。,EnvSensor-A1
471,2025-06-20 03:45:00,成都高新,31.9,7.4,79,监测点靠近相关区域，可能存在异常值风险。,EnvSensor-A1
472,2025-06-20 04:00:00,郑州金水,25.6,7.1,65,检测连续稳定，无明显相关迹象。,EnvSensor-B2
473,2025-06-20 04:15:00,武汉武昌,22.1,7.2,38,传感器工作正常，相关概率低。,EnvSensor-A1
474,2025-06-20 04:30:00,济南历下,28.3,7.0,80,相关可能导致当前读数偏高。,EnvSensor-A1
475,2025-06-20 04:45:00,上海浦东,21.2,7.4,38,周围环境相关，采样值可信。,EnvSensor-C3
476,2025-06-20 05:00:00,西安碑林,29.0,7.4,56,当前时段为相关，需关注PM变化。,EnvSensor-C3
477,2025-06-20 05:15:00,长沙雨花,20.1,6.9,53,监测点靠近相关区域，可能存在交通高峰风险。,EnvSensor-B2
478,2025-06-20 05:30:00,济南历下,20.4,6.8,42,检测连续稳定，无明显相关迹象。,EnvSensor-C3
479,2025-06-20 05:45:00,长沙雨花,20.6,7.3,71,数据波动明显，疑似相关影响。,EnvSensor-C3
480,2025-06-20 06:00:00,南京鼓楼,30.7,6.8,73,监测点靠近相关区域，可能存在数据缺失风险。,EnvSensor-C3
481,2025-06-20 06:15:00,天津南开,21.4,7.2,30,数据波动明显，疑似相关影响。,EnvSensor-C3
482,2025-06-20 06:30:00,成都高新,24.5,7.5,31,检测连续稳定，无明显相关迹象。,EnvSensor-C3
483,2025-06-20 06:45:00,深圳南山,29.0,6.8,80,相关可能导致当前读数偏高。,EnvSensor-B2
484,2025-06-20 07:00:00,西安碑林,28.8,7.3,47,检测连续稳定，无明显相关迹象。,EnvSensor-C3
485,2025-06-20 07:15:00,北京海淀,23.3,7.2,78,当前时段为相关，需关注PM变化。,EnvSensor-A1
486,2025-06-20 07:30:00,无锡滨湖,25.8,6.7,36,当前时段为相关，需关注PM变化。,EnvSensor-A1
487,2025-06-20 07:45:00,天津南开,29.4,7.2,43,传感器工作正常，相关概率低。,EnvSensor-B2
488,2025-06-20 08:00:00,广州天河,26.0,6.9,45,周围环境相关，采样值可信。,EnvSensor-C3
489,2025-06-20 08:15:00,天津南开,21.0,7.2,42,当前时段为相关，需关注PM变化。,EnvSensor-B2
490,2025-06-20 08:30:00,杭州滨江,30.5,7.0,36,相关可能导致当前读数偏高。,EnvSensor-B2
491,2025-06-20 08:45:00,宁波鄞州,23.1,7.3,34,数据波动明显，疑似相关影响。,EnvSensor-A1
492,2025-06-20 09:00:00,武汉武昌,29.2,7.4,54,检测连续稳定，无明显相关迹象。,EnvSensor-A1
493,2025-06-20 09:15:00,无锡滨湖,21.0,7.2,45,相关可能导致当前读数偏高。,EnvSensor-C3
494,2025-06-20 09:30:00,宁波鄞州,21.2,6.8,67,监测点靠近相关区域，可能存在信号干扰风险。,EnvSensor-A1
495,2025-06-20 09:45:00,宁波鄞州,27.2,6.9,75,传感器工作正常，相关概率低。,EnvSensor-C3
496,2025-06-20 10:00:00,武汉武昌,20.5,7.4,31,当前时段为相关，需关注PM变化。,EnvSensor-A1
497,2025-06-20 10:15:00,武汉武昌,31.9,7.1,44,相关可能导致当前读数偏高。,EnvSensor-C3
498,2025-06-20 10:30:00,合肥庐阳,24.5,7.4,63,传感器工作正常，相关概率低。,EnvSensor-A1
499,2025-06-20 10:45:00,南京鼓楼,20.5,7.3,32,监测点靠近相关区域，可能存在异常值风险。,EnvSensor-C3
500,2025-06-20 11:00:00,宁波鄞州,27.7,7.5,67,相关可能导致当前读数偏高。,EnvSensor-C3
